{"client_meta":{"background_color":{"r":0.11764705926179886,"g":0.11764705926179886,"b":0.11764705926179886,"a":1},"thumbnail_size":{"width":400,"height":145},"render_coordinates":{"x":-493,"y":328,"width":4900,"height":1776}},"file_name":"GitHub Issues Tracker","developer_related_links":[],"exported_at":"2026-02-28T06:46:05.274Z"}